member_id,birth_date,hire_date,prior_termination_date,rehire_date,termination_date,retirement_date,plan_tier,survivor_option
MBR-00001,1950-09-22,1990-10-27,,,2013-01-01,2013-01-01,clergy,js50
MBR-00002,1950-10-14,1980-01-23,,,,,lay,js50
MBR-00003,1969-07-07,2008-07-05,,,2039-09-01,2039-09-01,lay,js50
MBR-00004,1975-09-04,2014-02-01,,,2045-05-01,2045-05-01,lay,js50
MBR-00005,1959-02-14,1983-12-13,,,2023-06-01,2023-06-01,lay,js50
MBR-00006,1963-06-06,2006-10-26,,,2032-02-01,2032-02-01,lay,js50
MBR-00007,1954-09-12,1995-10-28,,,2019-06-01,2019-06-01,lay,js50
MBR-00008,1974-09-10,2009-04-26,,,2041-08-01,2041-08-01,clergy,js50
MBR-00009,1951-03-12,1983-02-18,,,2011-05-01,2011-05-01,lay,js100
MBR-00010,1947-09-01,1983-03-09,,,2013-05-01,2013-05-01,clergy,js50
MBR-00011,1973-11-27,2016-05-05,,,,,clergy,js50
MBR-00012,1950-02-05,1974-03-06,,,2017-07-01,2017-07-01,clergy,js50
MBR-00013,1950-09-04,1988-05-15,,,2012-01-01,2012-01-01,lay,js100
MBR-00014,1969-09-10,2006-01-23,,,2030-08-01,2030-08-01,lay,none
MBR-00015,1965-02-13,2003-05-25,,,,,clergy,none
MBR-00016,1974-12-21,2004-05-25,,,2035-02-01,2035-02-01,lay,js100
MBR-00017,1957-11-15,1990-10-09,,,2022-12-01,2022-12-01,clergy,none
MBR-00018,1975-12-09,2000-03-15,,,,,clergy,js50
MBR-00019,1962-01-13,2000-12-12,,,2028-01-01,2028-01-01,clergy,js50
MBR-00020,1964-11-24,1996-12-19,,,2033-11-01,2033-11-01,lay,none
MBR-00021,1956-05-22,1983-06-28,,,2022-12-01,2022-12-01,lay,js50
MBR-00022,1946-04-23,1987-07-27,,,2009-12-01,2009-12-01,clergy,none
MBR-00023,1972-10-20,2003-05-04,,,,,clergy,js50
MBR-00024,1946-10-20,1973-08-16,,,2011-01-01,2011-01-01,clergy,js50
MBR-00025,1973-10-15,2005-02-04,,,2042-02-01,2042-02-01,lay,none
MBR-00026,1954-08-02,1988-10-13,,,,,lay,none
MBR-00027,1947-11-27,1976-10-16,,,2018-08-01,2018-08-01,lay,js100
MBR-00028,1957-05-21,2000-01-08,,,,,lay,js50
MBR-00029,1962-07-12,1992-01-01,,,,,clergy,js100
MBR-00030,1972-05-06,2001-07-25,,,2034-04-01,2034-04-01,clergy,none
MBR-00031,1954-08-01,1981-12-09,,,2017-06-01,2017-06-01,lay,js50
MBR-00032,1962-04-01,2005-09-17,,,2032-11-01,2032-11-01,lay,none
MBR-00033,1958-09-07,1999-02-04,,,2021-06-01,2021-06-01,clergy,js50
MBR-00034,1975-09-22,2012-11-03,,,,,lay,js100
MBR-00035,1952-09-03,1977-11-19,,,2022-07-01,2022-07-01,lay,none
MBR-00036,1964-09-24,2007-05-06,,,2033-08-01,2033-08-01,clergy,js50
MBR-00037,1951-07-14,1978-02-28,,,2017-02-01,2017-02-01,lay,js100
MBR-00038,1968-07-17,2008-01-20,,,2033-07-01,2033-07-01,clergy,js50
MBR-00039,1958-07-01,1994-07-13,,,,,clergy,none
MBR-00040,1968-05-07,2001-02-28,,,2033-12-01,2033-12-01,lay,none
MBR-00041,1968-10-06,2008-08-14,,,2030-07-01,2030-07-01,clergy,js50
MBR-00042,1970-08-18,1995-10-07,,,2038-09-01,2038-09-01,lay,none
MBR-00043,1960-11-18,1992-11-08,,,2028-09-01,2028-09-01,clergy,none
MBR-00044,1946-12-17,1989-04-13,,,2015-02-01,2015-02-01,clergy,js50
MBR-00045,1951-10-12,1979-10-07,,,2018-02-01,2018-02-01,lay,none
MBR-00046,1946-07-27,1979-11-17,,,2014-05-01,2014-05-01,clergy,js50
MBR-00047,1972-04-19,2006-06-01,,,,,clergy,none
MBR-00048,1975-09-16,2000-10-14,,,2040-04-01,2040-04-01,clergy,js100
MBR-00049,1968-09-26,1999-10-26,,,,,lay,none
MBR-00050,1948-08-08,1977-12-18,,,2009-02-01,2009-02-01,clergy,js100
MBR-00051,1973-01-25,2007-08-12,,,,,clergy,js50
MBR-00052,1956-05-16,1999-01-12,,,2020-11-01,2020-11-01,lay,js50
MBR-00053,1963-01-27,1998-11-02,,,2025-07-01,2025-07-01,clergy,js100
MBR-00054,1946-08-13,1970-08-03,,,2008-12-01,2008-12-01,lay,js100
MBR-00055,1973-09-22,2010-08-17,,,2041-12-01,2041-12-01,clergy,js100
MBR-00056,1946-08-21,1971-01-09,,,2006-07-01,2006-07-01,lay,none
MBR-00057,1949-09-21,1979-08-28,,,2019-10-01,2019-10-01,lay,none
MBR-00058,1962-06-10,1993-12-17,,,2025-10-01,2025-10-01,lay,js50
MBR-00059,1961-08-25,1985-10-14,,,,,clergy,js50
MBR-00060,1962-12-06,1991-11-05,,,2031-05-01,2031-05-01,clergy,js50
MBR-00061,1971-05-03,2008-07-05,,,2039-01-01,2039-01-01,clergy,js50
MBR-00062,1949-06-06,1980-11-04,,,,,clergy,js100
MBR-00063,1951-07-21,1987-03-01,,,,,clergy,js50
MBR-00064,1969-02-15,1998-02-14,,,2036-10-01,2036-10-01,lay,js100
MBR-00065,1962-04-02,1998-11-01,,,2027-02-01,2027-02-01,clergy,js100
MBR-00066,1965-07-07,2001-05-21,,,,,clergy,none
MBR-00067,1951-02-17,1986-04-08,,,2016-11-01,2016-11-01,clergy,none
MBR-00068,1964-06-20,1998-02-22,,,2031-05-01,2031-05-01,lay,js50
MBR-00069,1966-12-22,1992-11-18,,,2026-11-01,2026-11-01,clergy,none
MBR-00070,1959-01-16,1993-09-10,,,2023-07-01,2023-07-01,lay,js50
MBR-00071,1951-01-20,1994-08-23,,,2017-12-01,2017-12-01,clergy,js100
MBR-00072,1962-04-17,1992-10-22,,,2033-07-01,2033-07-01,clergy,js50
MBR-00073,1963-05-04,1994-06-12,,,,,lay,js100
MBR-00074,1958-05-09,1998-10-07,,,2021-04-01,2021-04-01,clergy,js100
MBR-00075,1953-10-10,1991-12-10,,,2023-06-01,2023-06-01,clergy,js100
MBR-00076,1957-12-24,1983-02-17,,,,,clergy,js50
MBR-00077,1946-07-20,1977-10-13,,,2009-05-01,2009-05-01,clergy,js100
MBR-00078,1962-02-06,1991-08-02,,,2025-10-01,2025-10-01,clergy,none
MBR-00079,1953-01-03,1981-04-16,,,2019-12-01,2019-12-01,clergy,js50
MBR-00080,1963-08-27,2001-08-26,,,2029-02-01,2029-02-01,lay,js50
MBR-00081,1946-04-26,1978-12-07,,,2007-12-01,2007-12-01,clergy,none
MBR-00082,1969-10-21,2007-08-27,,,2036-10-01,2036-10-01,clergy,none
MBR-00083,1964-11-24,1989-12-04,,,2027-10-01,2027-10-01,clergy,js100
MBR-00084,1955-12-12,1988-01-02,,,2019-03-01,2019-03-01,clergy,js50
MBR-00085,1953-09-11,1979-01-12,,,,,clergy,none
MBR-00086,1972-08-06,2005-11-03,,,,,lay,none
MBR-00087,1953-01-14,1990-05-04,,,2015-04-01,2015-04-01,lay,js50
MBR-00088,1954-05-20,1980-10-12,,,,,lay,none
MBR-00089,1959-12-08,1983-01-15,,,2028-11-01,2028-11-01,clergy,js50
MBR-00090,1966-03-27,2001-02-27,,,,,lay,none
MBR-00091,1974-02-07,2009-05-03,,,,,lay,js100
MBR-00092,1968-01-18,2009-05-13,,,,,lay,js100
MBR-00093,1947-10-19,1971-05-13,,,2008-09-01,2008-09-01,lay,none
MBR-00094,1971-01-01,1998-01-15,,,,,clergy,js100
MBR-00095,1969-09-08,1998-01-10,,,,,lay,js50
MBR-00096,1946-09-05,1970-05-03,,,2013-04-01,2013-04-01,clergy,none
MBR-00097,1948-01-18,1973-08-24,,,2009-07-01,2009-07-01,lay,none
MBR-00098,1948-01-03,1989-02-26,,,2017-11-01,2017-11-01,lay,js100
MBR-00099,1963-09-24,2004-06-09,,,2026-03-01,2026-03-01,clergy,js100
MBR-00100,1965-11-23,1996-07-25,,,2035-05-01,2035-05-01,clergy,js100
MBR-00101,1967-10-12,1991-11-08,,,2037-07-01,2037-07-01,clergy,js100
MBR-00102,1962-12-21,1988-05-02,,,2025-02-01,2025-02-01,clergy,js100
MBR-00103,1949-11-02,1984-07-22,,,2012-11-01,2012-11-01,lay,none
MBR-00104,1953-12-17,1994-08-01,,,2016-07-01,2016-07-01,clergy,js100
MBR-00105,1971-05-18,2005-05-20,,,2038-05-01,2038-05-01,clergy,js100
MBR-00106,1957-09-24,1998-12-13,,,2027-10-01,2027-10-01,clergy,js50
MBR-00107,1966-05-16,2006-10-23,,,2035-08-01,2035-08-01,lay,js50
MBR-00108,1973-07-20,2007-01-13,,,,,lay,js50
MBR-00109,1955-01-24,1979-11-20,,,2024-04-01,2024-04-01,clergy,none
MBR-00110,1959-01-04,1999-07-23,,,2023-09-01,2023-09-01,lay,js100
MBR-00111,1966-03-04,1990-11-18,,,2037-09-01,2037-09-01,lay,js100
MBR-00112,1966-06-05,2001-01-06,,,2035-03-01,2035-03-01,clergy,none
MBR-00113,1955-06-24,1995-01-10,,,2015-07-01,2015-07-01,clergy,none
MBR-00114,1950-02-26,1980-05-18,,,2015-12-01,2015-12-01,clergy,js100
MBR-00115,1971-01-01,2001-04-20,,,2033-05-01,2033-05-01,clergy,js50
MBR-00116,1969-11-03,2005-06-16,,,2031-02-01,2031-02-01,lay,js100
MBR-00117,1952-08-20,1978-06-19,,,2016-11-01,2016-11-01,lay,js50
MBR-00118,1973-06-24,2008-08-18,,,2040-08-01,2040-08-01,lay,none
MBR-00119,1955-04-25,1984-07-13,,,2020-05-01,2020-05-01,clergy,js100
MBR-00120,1967-08-08,2009-04-21,,,,,clergy,js50
MBR-00121,1965-12-14,2003-03-28,,,,,clergy,none
MBR-00122,1947-02-18,1985-02-15,,,2014-02-01,2014-02-01,lay,none
MBR-00123,1952-07-03,1989-10-07,,,2016-09-01,2016-09-01,clergy,js100
MBR-00124,1975-04-18,2014-04-27,,,2042-04-01,2042-04-01,clergy,js100
MBR-00125,1950-11-19,1992-07-06,,,2017-03-01,2017-03-01,lay,none
MBR-00126,1954-01-24,1992-01-04,,,,,clergy,js100
MBR-00127,1962-10-09,1995-02-26,,,2028-06-01,2028-06-01,lay,js100
MBR-00128,1958-01-13,1984-11-22,,,2019-05-01,2019-05-01,lay,none
MBR-00129,1957-08-01,1990-06-01,,,,,lay,none
MBR-00130,1971-05-23,2007-01-27,,,,,clergy,js50
MBR-00131,1975-09-10,2006-02-06,,,2043-04-01,2043-04-01,clergy,js100
MBR-00132,1973-03-28,2016-08-20,,,2043-10-01,2043-10-01,clergy,js50
MBR-00133,1963-07-05,1992-10-27,,,2027-04-01,2027-04-01,lay,js50
MBR-00134,1947-12-16,1986-11-20,,,2018-05-01,2018-05-01,clergy,js50
MBR-00135,1965-11-16,1991-04-27,,,2026-07-01,2026-07-01,clergy,js50
MBR-00136,1958-11-23,2000-06-24,,,,,clergy,none
MBR-00137,1961-06-23,2004-08-04,,,2026-06-01,2026-06-01,lay,js50
MBR-00138,1955-07-15,1987-08-20,,,2016-09-01,2016-09-01,clergy,js100
MBR-00139,1955-02-28,1984-05-17,,,2020-06-01,2020-06-01,clergy,none
MBR-00140,1949-09-07,1980-07-18,,,2017-11-01,2017-11-01,clergy,js50
MBR-00141,1968-07-02,2007-11-01,,,2031-11-01,2031-11-01,lay,none
MBR-00142,1968-10-09,1994-05-20,,,2028-09-01,2028-09-01,clergy,js100
MBR-00143,1969-03-11,1997-06-05,,,2034-12-01,2034-12-01,clergy,js50
MBR-00144,1966-03-08,1998-06-22,,,2032-05-01,2032-05-01,lay,none
MBR-00145,1961-02-23,1997-10-10,,,,,lay,js50
MBR-00146,1949-02-17,1973-02-28,,,2013-10-01,2013-10-01,lay,none
MBR-00147,1969-08-09,2002-04-09,,,2038-03-01,2038-03-01,clergy,js50
MBR-00148,1948-03-18,1972-12-02,,,2013-08-01,2013-08-01,clergy,js50
MBR-00149,1962-08-12,1994-01-07,,,,,lay,js50
MBR-00150,1975-04-23,2008-08-23,,,2035-09-01,2035-09-01,clergy,js50
MBR-00151,1975-04-23,2005-02-28,,,,,lay,js50
MBR-00152,1966-11-23,1998-10-19,,,2032-05-01,2032-05-01,lay,js100
MBR-00153,1948-02-08,1978-07-08,,,2010-07-01,2010-07-01,lay,js50
MBR-00154,1969-09-22,2012-09-20,,,2037-04-01,2037-04-01,clergy,none
MBR-00155,1975-05-03,2000-01-04,,,2045-12-01,2045-12-01,clergy,js100
MBR-00156,1962-12-18,1998-11-05,,,2033-06-01,2033-06-01,clergy,none
MBR-00157,1968-09-18,2008-11-10,,,,,clergy,js50
MBR-00158,1958-12-24,1984-08-21,,,2026-01-01,2026-01-01,clergy,js50
MBR-00159,1965-02-09,1996-07-25,,,2028-04-01,2028-04-01,clergy,js50
MBR-00160,1973-01-26,2016-09-01,,,,,lay,js100
MBR-00161,1957-05-05,1994-01-26,,,,,clergy,js50
MBR-00162,1967-02-17,1991-07-13,,,2029-10-01,2029-10-01,lay,none
MBR-00163,1969-06-02,2005-08-15,,,2037-11-01,2037-11-01,lay,js50
MBR-00164,1946-01-26,1977-08-20,,,,,clergy,js50
MBR-00165,1966-07-06,1995-07-23,,,2037-03-01,2037-03-01,clergy,js50
MBR-00166,1952-09-23,1995-09-07,,,2019-12-01,2019-12-01,lay,js50
MBR-00167,1949-05-26,1985-11-16,,,,,clergy,js50
MBR-00168,1949-07-07,1991-02-21,,,,,clergy,js100
MBR-00169,1968-03-28,2009-10-04,,,,,lay,none
MBR-00170,1963-12-12,1989-09-25,,,2025-12-01,2025-12-01,lay,js50
MBR-00171,1959-02-07,1993-09-03,,,2025-08-01,2025-08-01,clergy,js50
MBR-00172,1956-09-09,1991-04-10,,,,,clergy,js100
MBR-00173,1957-08-08,1992-03-21,,,2026-12-01,2026-12-01,clergy,js100
MBR-00174,1955-12-24,1981-02-17,,,2018-11-01,2018-11-01,lay,js50
MBR-00175,1959-10-13,2000-08-25,,,2019-08-01,2019-08-01,lay,js50
MBR-00176,1958-01-19,1995-01-23,,,,,clergy,none
MBR-00177,1966-01-04,2006-05-18,,,2032-05-01,2032-05-01,clergy,none
MBR-00178,1960-07-17,1996-10-09,,,2023-04-01,2023-04-01,clergy,none
MBR-00179,1958-11-10,1991-11-02,,,2022-01-01,2022-01-01,clergy,js100
MBR-00180,1963-05-26,1997-03-13,,,,,clergy,js100
MBR-00181,1948-05-10,1974-07-08,,,2013-03-01,2013-03-01,lay,none
MBR-00182,1950-10-14,1993-07-12,,,2011-04-01,2011-04-01,clergy,js50
MBR-00183,1953-06-26,1995-11-04,,,,,lay,js50
MBR-00184,1953-04-09,1986-01-06,,,2019-02-01,2019-02-01,lay,js50
MBR-00185,1959-09-13,2002-03-21,,,2022-02-01,2022-02-01,clergy,js50
MBR-00186,1973-09-03,2006-10-04,,,2035-08-01,2035-08-01,clergy,js50
MBR-00187,1946-10-02,1981-07-03,,,2013-04-01,2013-04-01,lay,none
MBR-00188,1968-07-20,2004-09-24,,,2033-04-01,2033-04-01,clergy,js50
MBR-00189,1947-09-19,1977-03-27,,,2017-09-01,2017-09-01,lay,js100
MBR-00190,1965-02-08,1991-11-09,,,2033-09-01,2033-09-01,lay,none
MBR-00191,1975-01-12,2015-04-09,,,2041-10-01,2041-10-01,clergy,js100
MBR-00192,1956-05-27,1993-11-23,,,,,clergy,none
MBR-00193,1971-10-03,1999-02-16,,,,,clergy,js50
MBR-00194,1962-02-02,2001-07-11,,,,,clergy,js100
MBR-00195,1975-10-07,1999-01-27,,,2036-08-01,2036-08-01,clergy,js50
MBR-00196,1966-04-15,1996-11-16,,,2034-04-01,2034-04-01,clergy,none
MBR-00197,1959-01-04,1983-08-25,,,2020-11-01,2020-11-01,clergy,js50
MBR-00198,1949-09-17,1980-11-02,,,2010-08-01,2010-08-01,clergy,js50
MBR-00199,1970-07-27,2002-05-06,,,2034-10-01,2034-10-01,clergy,none
MBR-00200,1948-04-12,1984-03-14,,,2016-11-01,2016-11-01,lay,none
MBR-00201,1953-01-07,1987-03-20,,,,,clergy,none
MBR-00202,1953-12-27,1988-10-01,,,2021-02-01,2021-02-01,lay,js100
MBR-00203,1969-11-08,2007-04-18,,,2036-08-01,2036-08-01,lay,none
MBR-00204,1967-01-23,2009-05-10,,,2029-09-01,2029-09-01,clergy,js50
MBR-00205,1960-04-28,2002-08-17,,,2028-12-01,2028-12-01,clergy,js50
MBR-00206,1973-01-22,2006-02-01,,,2037-06-01,2037-06-01,lay,js50
MBR-00207,1961-06-24,2002-10-28,,,2029-10-01,2029-10-01,clergy,none
MBR-00208,1946-01-28,1974-08-17,,,,,clergy,none
MBR-00209,1952-02-07,1982-04-19,,,2017-10-01,2017-10-01,lay,js50
MBR-00210,1972-01-21,2003-05-24,,,,,lay,none
MBR-00211,1950-09-05,1986-12-11,,,,,lay,none
MBR-00212,1974-06-09,2013-02-02,,,2042-10-01,2042-10-01,clergy,none
MBR-00213,1959-03-22,1997-02-13,,,2027-02-01,2027-02-01,clergy,none
MBR-00214,1974-11-05,2016-12-16,,,,,lay,none
MBR-00215,1953-11-26,1991-10-04,,,2018-12-01,2018-12-01,clergy,none
MBR-00216,1959-03-21,1998-01-23,,,,,lay,none
MBR-00217,1972-05-25,2015-10-13,,,,,clergy,none
MBR-00218,1957-03-23,1981-01-19,,,2018-08-01,2018-08-01,clergy,js50
MBR-00219,1968-06-28,1999-03-08,,,2038-10-01,2038-10-01,lay,js50
MBR-00220,1959-10-21,2001-10-28,,,2020-09-01,2020-09-01,clergy,js50
MBR-00221,1971-08-01,1996-11-24,,,2041-05-01,2041-05-01,lay,js50
MBR-00222,1965-06-11,1993-02-27,,,2035-06-01,2035-06-01,clergy,js100
MBR-00223,1958-07-24,1985-01-12,,,2028-04-01,2028-04-01,clergy,js50
MBR-00224,1948-07-21,1985-05-13,,,2016-02-01,2016-02-01,clergy,js100
MBR-00225,1968-05-04,2010-01-09,,,2038-11-01,2038-11-01,clergy,js50
MBR-00226,1946-05-20,1971-07-20,,,2012-08-01,2012-08-01,clergy,js100
MBR-00227,1971-06-13,1999-04-06,,,,,clergy,js100
MBR-00228,1950-09-05,1988-09-25,,,,,lay,js100
MBR-00229,1973-05-25,2011-01-02,,,2038-07-01,2038-07-01,clergy,none
MBR-00230,1947-03-27,1986-01-17,,,,,lay,js50
MBR-00231,1975-10-18,2001-11-10,,,2041-07-01,2041-07-01,lay,none
MBR-00232,1963-03-24,1998-10-17,,,,,clergy,js50
MBR-00233,1960-11-03,2002-05-21,,,2021-06-01,2021-06-01,clergy,none
MBR-00234,1970-10-21,2002-10-18,,,2039-07-01,2039-07-01,lay,js50
MBR-00235,1965-04-21,1989-10-14,,,2027-05-01,2027-05-01,clergy,js50
MBR-00236,1946-09-09,1976-07-10,,,2010-12-01,2010-12-01,clergy,js100
MBR-00237,1968-03-06,1994-09-08,,,2030-02-01,2030-02-01,clergy,js50
MBR-00238,1965-07-09,1994-10-28,,,2030-08-01,2030-08-01,lay,js100
MBR-00239,1947-03-18,1981-05-14,,,2007-11-01,2007-11-01,clergy,js50
MBR-00240,1959-06-02,1993-01-25,,,,,lay,js100
MBR-00241,1975-03-19,2001-12-08,,,,,lay,js50
MBR-00242,1969-03-11,1996-09-22,,,,,clergy,js50
MBR-00243,1963-12-13,1990-04-18,,,2028-06-01,2028-06-01,lay,js50
MBR-00244,1950-03-25,1986-05-12,,,2010-12-01,2010-12-01,clergy,none
MBR-00245,1961-12-23,1985-02-19,,,2026-01-01,2026-01-01,clergy,none
MBR-00246,1972-02-20,2003-10-15,,,2036-06-01,2036-06-01,lay,none
MBR-00247,1959-11-27,2002-02-03,,,2020-11-01,2020-11-01,lay,js100
MBR-00248,1961-08-04,1994-08-20,,,,,clergy,none
MBR-00249,1952-01-02,1985-09-06,,,,,lay,js50
MBR-00250,1963-09-26,1994-09-28,,,2026-03-01,2026-03-01,lay,js100
MBR-00251,1962-05-05,2004-10-27,,,2026-09-01,2026-09-01,clergy,js50
MBR-00252,1970-08-26,2010-05-04,,,2033-08-01,2033-08-01,clergy,js50
MBR-00253,1967-07-10,2010-04-06,,,2031-02-01,2031-02-01,clergy,js50
MBR-00254,1972-03-13,2008-09-25,,,,,lay,none
MBR-00255,1952-08-12,1988-11-25,,,2019-12-01,2019-12-01,clergy,js100
MBR-00256,1972-02-07,2003-11-19,,,2043-02-01,2043-02-01,clergy,js50
MBR-00257,1949-01-20,1979-03-09,,,2015-07-01,2015-07-01,lay,js100
MBR-00258,1970-07-17,2001-04-10,,,2036-06-01,2036-06-01,lay,js50
MBR-00259,1962-12-09,1994-03-03,,,,,lay,js100
MBR-00260,1957-10-06,1992-08-22,,,2026-12-01,2026-12-01,lay,js100
MBR-00261,1964-01-25,1989-04-04,,,2033-04-01,2033-04-01,clergy,none
MBR-00262,1953-02-09,1993-03-16,,,2021-10-01,2021-10-01,clergy,js100
MBR-00263,1955-02-24,1985-12-26,,,2018-01-01,2018-01-01,lay,none
MBR-00264,1953-10-14,1991-02-14,,,,,clergy,js100
MBR-00265,1958-06-14,1985-11-05,,,2023-04-01,2023-04-01,clergy,js100
MBR-00266,1971-05-18,1998-08-27,,,2039-04-01,2039-04-01,clergy,none
MBR-00267,1953-10-01,1983-04-04,,,2020-08-01,2020-08-01,clergy,none
MBR-00268,1950-05-05,1989-01-09,,,,,clergy,none
MBR-00269,1967-10-05,2007-05-11,,,2032-11-01,2032-11-01,lay,none
MBR-00270,1966-03-01,2000-11-08,,,2029-04-01,2029-04-01,clergy,js50
MBR-00271,1970-10-13,2005-01-08,,,2030-02-01,2030-02-01,clergy,none
MBR-00272,1948-10-13,1986-07-23,,,2013-12-01,2013-12-01,lay,js50
MBR-00273,1963-12-04,1992-02-12,,,2032-03-01,2032-03-01,lay,js50
MBR-00274,1957-12-04,2000-08-14,,,2024-07-01,2024-07-01,clergy,js50
MBR-00275,1965-09-23,1994-12-12,,,2033-07-01,2033-07-01,lay,js50
MBR-00276,1969-08-18,2006-06-06,,,,,lay,none
MBR-00277,1951-07-19,1986-03-06,,,2016-04-01,2016-04-01,lay,js50
MBR-00278,1973-06-10,2012-02-23,,,,,lay,js100
MBR-00279,1972-02-27,2000-01-23,,,2037-04-01,2037-04-01,lay,js100
MBR-00280,1950-08-20,1989-05-28,,,2011-09-01,2011-09-01,clergy,js100
MBR-00281,1951-05-12,1976-08-22,,,2020-08-01,2020-08-01,lay,js100
MBR-00282,1954-06-21,1980-02-04,,,2021-04-01,2021-04-01,clergy,js50
MBR-00283,1960-02-21,1999-06-09,,,2026-04-01,2026-04-01,clergy,js50
MBR-00284,1959-04-20,1992-02-24,,,2020-08-01,2020-08-01,lay,js100
MBR-00285,1961-10-09,1998-01-05,,,2030-03-01,2030-03-01,clergy,js100
MBR-00286,1970-11-21,1998-01-12,,,,,clergy,js100
MBR-00287,1973-01-18,2014-03-20,,,2043-06-01,2043-06-01,clergy,js100
MBR-00288,1954-02-21,1993-04-09,,,,,lay,js50
MBR-00289,1946-02-27,1977-10-21,,,2011-06-01,2011-06-01,clergy,none
MBR-00290,1974-03-20,2001-03-27,,,2035-12-01,2035-12-01,clergy,js50
MBR-00291,1964-02-18,1990-09-01,,,2030-03-01,2030-03-01,clergy,none
MBR-00292,1946-01-03,1970-04-12,,,2007-03-01,2007-03-01,lay,js100
MBR-00293,1958-12-05,1984-08-12,,,,,lay,js50
MBR-00294,1962-12-01,1990-08-24,,,2032-09-01,2032-09-01,clergy,js50
MBR-00295,1953-04-23,1996-05-17,,,2018-12-01,2018-12-01,clergy,none
MBR-00296,1947-01-17,1978-06-01,,,,,lay,js100
MBR-00297,1967-09-22,1993-08-07,,,2028-08-01,2028-08-01,clergy,js100
MBR-00298,1967-01-01,2002-11-06,,,2034-04-01,2034-04-01,lay,none
MBR-00299,1946-06-05,1971-05-25,,,2010-10-01,2010-10-01,clergy,js50
MBR-00300,1949-08-24,1991-01-03,,,,,clergy,js50
MBR-00301,1951-02-15,1986-05-03,,,2021-06-01,2021-06-01,lay,js50
MBR-00302,1949-06-20,1975-04-22,,,2015-11-01,2015-11-01,clergy,none
MBR-00303,1951-08-23,1977-11-28,,,2014-11-01,2014-11-01,clergy,js50
MBR-00304,1947-12-06,1982-09-25,,,,,lay,js50
MBR-00305,1967-09-25,2004-04-18,,,2027-12-01,2027-12-01,lay,js100
MBR-00306,1946-03-08,1975-09-09,,,2014-03-01,2014-03-01,lay,js100
MBR-00307,1957-02-22,1999-07-18,,,2020-04-01,2020-04-01,lay,js100
MBR-00308,1960-08-23,1985-03-18,,,2022-10-01,2022-10-01,lay,js100
MBR-00309,1950-05-28,1981-05-05,,,2018-10-01,2018-10-01,clergy,none
MBR-00310,1948-06-16,1990-10-19,,,2019-03-01,2019-03-01,lay,none
MBR-00311,1952-08-09,1983-10-02,,,2017-07-01,2017-07-01,lay,none
MBR-00312,1958-04-27,1989-04-02,,,,,lay,js100
MBR-00313,1975-09-02,2010-10-24,,,2041-08-01,2041-08-01,lay,js50
MBR-00314,1972-09-22,1997-01-27,,,2036-01-01,2036-01-01,lay,js50
MBR-00315,1959-01-18,1988-04-25,,,2019-07-01,2019-07-01,clergy,js50
MBR-00316,1970-01-04,1994-04-13,,,,,lay,js100
MBR-00317,1965-09-11,1998-06-03,,,,,clergy,js50
MBR-00318,1970-08-02,2012-12-03,,,,,lay,js100
MBR-00319,1952-04-26,1979-05-07,,,2016-06-01,2016-06-01,clergy,js50
MBR-00320,1957-07-06,1996-04-21,,,,,lay,js50
MBR-00321,1974-07-14,2016-02-22,,,2044-01-01,2044-01-01,lay,js100
MBR-00322,1950-01-07,1974-01-08,,,,,lay,js100
MBR-00323,1972-07-22,2015-09-08,,,2042-10-01,2042-10-01,clergy,js50
MBR-00324,1957-03-28,1993-08-02,,,,,clergy,js50
MBR-00325,1973-11-21,2001-10-22,,,,,lay,js100
MBR-00326,1971-04-04,2001-07-28,,,,,clergy,js100
MBR-00327,1974-10-19,2004-02-01,,,2042-05-01,2042-05-01,clergy,js100
MBR-00328,1966-07-02,1990-09-28,,,2033-03-01,2033-03-01,clergy,none
MBR-00329,1951-03-24,1992-02-06,,,2020-09-01,2020-09-01,clergy,js50
MBR-00330,1956-07-05,1989-01-19,,,,,clergy,js50
MBR-00331,1955-01-22,1983-06-16,,,2016-09-01,2016-09-01,lay,none
MBR-00332,1964-01-01,1988-09-21,,,2026-07-01,2026-07-01,clergy,js50
MBR-00333,1956-04-12,1997-07-11,,,2026-07-01,2026-07-01,lay,js50
MBR-00334,1967-12-18,2001-11-18,,,2037-09-01,2037-09-01,lay,none
MBR-00335,1947-12-14,1986-11-07,,,,,lay,js100
MBR-00336,1951-12-20,1984-08-05,,,2019-05-01,2019-05-01,clergy,js50
MBR-00337,1958-11-05,1984-11-20,,,2020-05-01,2020-05-01,clergy,js100
MBR-00338,1947-04-25,1986-10-13,,,,,clergy,js50
MBR-00339,1946-03-23,1982-02-01,,,,,clergy,js100
MBR-00340,1961-12-08,1987-01-16,,,,,clergy,js50
MBR-00341,1961-07-01,1996-05-23,,,2030-09-01,2030-09-01,lay,js50
MBR-00342,1949-03-15,1975-04-19,,,2016-08-01,2016-08-01,lay,none
MBR-00343,1974-06-22,2016-02-13,,,,,clergy,js50
MBR-00344,1972-11-27,2003-06-09,,,2033-03-01,2033-03-01,lay,none
MBR-00345,1954-12-25,1988-05-21,,,,,clergy,js50
MBR-00346,1968-12-20,1995-02-08,,,2028-04-01,2028-04-01,lay,js50
MBR-00347,1968-09-27,2005-05-12,,,2039-04-01,2039-04-01,clergy,js50
MBR-00348,1969-01-28,2008-01-26,,,2035-01-01,2035-01-01,lay,none
MBR-00349,1970-10-03,2011-03-07,,,2040-09-01,2040-09-01,lay,none
MBR-00350,1973-09-11,2014-08-18,,,,,clergy,js50
MBR-00351,1974-09-06,2003-10-19,,,,,clergy,js100
MBR-00352,1963-08-09,1989-03-13,,,2031-12-01,2031-12-01,clergy,js50
MBR-00353,1949-11-02,1986-02-05,,,2013-01-01,2013-01-01,clergy,none
MBR-00354,1947-10-16,1971-02-13,,,2017-03-01,2017-03-01,lay,js100
MBR-00355,1960-07-16,1998-11-10,,,,,clergy,js100
MBR-00356,1958-08-08,1992-10-20,,,2023-09-01,2023-09-01,clergy,js50
MBR-00357,1946-01-28,1980-08-16,,,2011-04-01,2011-04-01,clergy,js50
MBR-00358,1948-07-23,1984-02-03,,,,,lay,none
MBR-00359,1975-03-04,2013-10-01,,,2043-09-01,2043-09-01,lay,js50
MBR-00360,1972-07-26,2012-01-25,,,,,clergy,js50
MBR-00361,1952-04-27,1992-12-28,,,2014-09-01,2014-09-01,clergy,js50
MBR-00362,1960-04-20,1987-09-23,,,2028-05-01,2028-05-01,clergy,none
MBR-00363,1970-06-17,2009-06-25,,,,,clergy,none
MBR-00364,1962-11-11,1990-07-16,,,,,lay,js50
MBR-00365,1946-09-06,1988-02-07,,,2017-01-01,2017-01-01,clergy,js50
MBR-00366,1962-12-13,1988-08-06,,,,,lay,js100
MBR-00367,1967-05-20,2010-01-06,,,,,clergy,js50
MBR-00368,1950-03-04,1977-08-27,,,,,lay,js50
MBR-00369,1967-03-08,2008-12-24,,,2038-10-01,2038-10-01,clergy,none
MBR-00370,1962-01-27,1993-07-12,,,2023-12-01,2023-12-01,lay,js100
MBR-00371,1965-02-15,1992-12-03,,,2035-09-01,2035-09-01,lay,js50
MBR-00372,1963-08-25,2003-05-09,,,2027-09-01,2027-09-01,clergy,js50
MBR-00373,1975-02-17,2001-06-05,,,,,clergy,js50
MBR-00374,1968-01-02,2003-11-18,,,2030-04-01,2030-04-01,lay,js50
MBR-00375,1964-03-27,1992-04-13,,,2031-08-01,2031-08-01,clergy,none
MBR-00376,1970-03-28,2013-08-13,,,2040-09-01,2040-09-01,clergy,js100
MBR-00377,1959-02-24,1998-06-19,,,,,clergy,js50
MBR-00378,1957-05-28,1986-05-24,,,2022-12-01,2022-12-01,clergy,js50
MBR-00379,1955-01-16,1997-02-20,,,2021-05-01,2021-05-01,clergy,js50
MBR-00380,1946-10-13,1986-09-08,,,,,clergy,js100
MBR-00381,1973-10-11,2009-09-21,,,2034-10-01,2034-10-01,clergy,js100
MBR-00382,1950-11-14,1980-02-16,,,,,lay,js50
MBR-00383,1971-06-07,1998-08-20,,,2035-05-01,2035-05-01,clergy,js100
MBR-00384,1947-05-01,1979-10-23,,,2016-01-01,2016-01-01,clergy,none
MBR-00385,1946-09-06,1981-08-06,,,2015-09-01,2015-09-01,clergy,js50
MBR-00386,1961-01-18,1989-10-08,,,,,lay,js100
MBR-00387,1962-10-02,1987-09-06,,,2022-12-01,2022-12-01,clergy,none
MBR-00388,1967-04-09,1998-03-28,,,2037-03-01,2037-03-01,lay,js50
MBR-00389,1948-11-13,1986-02-10,,,2010-01-01,2010-01-01,clergy,js50
MBR-00390,1952-09-01,1988-02-06,,,,,clergy,js50
MBR-00391,1968-09-22,2011-03-13,,,2031-04-01,2031-04-01,clergy,none
MBR-00392,1960-03-28,1991-11-01,,,2024-07-01,2024-07-01,clergy,none
MBR-00393,1947-02-25,1973-03-15,,,,,clergy,js100
MBR-00394,1964-08-10,1993-12-21,,,2035-05-01,2035-05-01,clergy,none
MBR-00395,1958-02-15,1982-05-19,,,2024-09-01,2024-09-01,clergy,js100
MBR-00396,1948-07-11,1972-09-13,,,2011-12-01,2011-12-01,clergy,js100
MBR-00397,1952-11-23,1978-11-13,,,2014-11-01,2014-11-01,clergy,none
MBR-00398,1966-10-05,1996-01-25,,,2029-07-01,2029-07-01,lay,js50
MBR-00399,1950-04-07,1992-02-25,,,2013-08-01,2013-08-01,clergy,js50
MBR-00400,1963-03-19,1994-12-24,,,2027-05-01,2027-05-01,clergy,js100
MBR-00401,1975-07-08,2011-03-14,,,2041-07-01,2041-07-01,clergy,js100
MBR-00402,1965-08-08,1992-09-20,,,,,lay,js100
MBR-00403,1961-07-19,1987-04-04,,,2028-04-01,2028-04-01,lay,none
MBR-00404,1950-01-07,1988-10-28,,,2015-07-01,2015-07-01,lay,js100
MBR-00405,1975-04-13,2004-10-13,,,2044-07-01,2044-07-01,lay,js50
MBR-00406,1961-01-16,2002-06-06,,,2025-05-01,2025-05-01,lay,js100
MBR-00407,1966-05-02,2007-01-14,,,2029-04-01,2029-04-01,lay,js100
MBR-00408,1975-11-27,2007-01-08,,,2044-06-01,2044-06-01,clergy,js100
MBR-00409,1960-05-28,1990-03-18,,,,,lay,js50
MBR-00410,1969-01-28,2012-03-13,,,,,lay,js50
MBR-00411,1974-02-08,2011-02-17,,,,,lay,js50
MBR-00412,1953-02-14,1989-01-12,,,2018-02-01,2018-02-01,clergy,js100
MBR-00413,1967-10-02,1994-09-27,,,2034-11-01,2034-11-01,lay,none
MBR-00414,1973-10-10,2016-09-16,,,2034-06-01,2034-06-01,clergy,none
MBR-00415,1964-07-06,2005-04-05,,,2027-07-01,2027-07-01,clergy,js50
MBR-00416,1963-01-14,2001-02-18,,,2032-06-01,2032-06-01,lay,js50
MBR-00417,1972-08-02,2008-03-18,,,2042-08-01,2042-08-01,clergy,none
MBR-00418,1949-11-11,1987-09-01,,,2016-11-01,2016-11-01,clergy,js100
MBR-00419,1948-05-09,1983-09-09,,,,,clergy,js100
MBR-00420,1973-10-05,2001-07-15,,,2041-05-01,2041-05-01,lay,js100
MBR-00421,1968-11-19,2006-01-03,,,2029-12-01,2029-12-01,clergy,js50
MBR-00422,1970-10-11,2008-01-05,,,2037-07-01,2037-07-01,lay,none
MBR-00423,1965-12-01,2007-03-10,,,,,clergy,js50
MBR-00424,1958-12-17,1994-12-19,,,,,lay,none
MBR-00425,1959-04-06,1996-08-21,,,2026-03-01,2026-03-01,clergy,js50
MBR-00426,1952-11-13,1994-09-28,,,2012-12-01,2012-12-01,lay,js100
MBR-00427,1966-06-19,2003-06-09,,,2033-09-01,2033-09-01,clergy,js50
MBR-00428,1949-09-16,1987-03-10,,,,,lay,js50
MBR-00429,1954-03-07,1992-03-02,,,,,clergy,js100
MBR-00430,1969-04-26,1995-11-03,,,2039-04-01,2039-04-01,clergy,js100
MBR-00431,1955-04-08,1982-12-02,,,2024-07-01,2024-07-01,clergy,js50
MBR-00432,1956-11-20,1983-11-10,,,2021-09-01,2021-09-01,lay,js100
MBR-00433,1962-06-13,2001-07-05,,,2031-12-01,2031-12-01,clergy,js50
MBR-00434,1949-08-03,1991-06-16,,,2020-02-01,2020-02-01,clergy,js100
MBR-00435,1969-03-18,1997-07-08,,,2031-02-01,2031-02-01,clergy,js50
MBR-00436,1963-06-20,1988-03-09,,,2024-03-01,2024-03-01,lay,js50
MBR-00437,1946-10-25,1978-06-17,,,,,clergy,none
MBR-00438,1946-05-13,1982-02-06,,,2009-04-01,2009-04-01,lay,js100
MBR-00439,1958-03-25,1989-10-02,,,2029-02-01,2029-02-01,lay,js50
MBR-00440,1953-09-26,1994-02-19,,,2013-10-01,2013-10-01,lay,none
MBR-00441,1966-12-11,1992-02-11,,,,,lay,js100
MBR-00442,1969-04-09,1998-10-26,,,2036-05-01,2036-05-01,clergy,js50
MBR-00443,1952-09-25,1982-03-07,,,,,lay,none
MBR-00444,1951-02-11,1990-08-21,,,2020-08-01,2020-08-01,clergy,none
MBR-00445,1957-10-27,1995-10-04,,,2019-09-01,2019-09-01,lay,none
MBR-00446,1959-05-02,2000-06-01,,,2025-12-01,2025-12-01,lay,js50
MBR-00447,1954-06-27,1987-08-11,,,,,lay,js50
MBR-00448,1946-02-17,1982-01-12,,,2008-08-01,2008-08-01,clergy,js100
MBR-00449,1955-04-05,1979-01-25,,,2019-05-01,2019-05-01,lay,none
MBR-00450,1965-11-02,2001-02-05,,,,,lay,js100
MBR-00451,1975-03-12,2016-04-24,,,2040-07-01,2040-07-01,clergy,js100
MBR-00452,1959-08-01,1983-05-11,,,,,clergy,js100
MBR-00453,1958-06-01,1998-03-16,,,2023-04-01,2023-04-01,clergy,none
MBR-00454,1967-10-25,2009-10-01,,,2031-10-01,2031-10-01,clergy,none
MBR-00455,1950-11-22,1974-04-19,,,2017-08-01,2017-08-01,clergy,js50
MBR-00456,1947-11-19,1974-08-02,,,2011-12-01,2011-12-01,clergy,js50
MBR-00457,1965-03-18,2005-09-27,,,,,clergy,js50
MBR-00458,1953-04-12,1991-12-15,,,2019-09-01,2019-09-01,lay,none
MBR-00459,1969-01-19,2007-03-15,,,,,lay,js100
MBR-00460,1974-07-13,2008-12-07,,,2042-08-01,2042-08-01,clergy,none
MBR-00461,1971-07-07,1995-11-24,,,,,clergy,js50
MBR-00462,1947-09-26,1989-03-14,,,2014-05-01,2014-05-01,lay,js100
MBR-00463,1955-02-06,1992-09-10,,,2019-01-01,2019-01-01,clergy,js50
MBR-00464,1954-08-15,1997-04-08,,,2021-12-01,2021-12-01,lay,js100
MBR-00465,1949-06-08,1992-02-26,,,2009-04-01,2009-04-01,clergy,none
MBR-00466,1961-10-24,2002-08-25,,,2027-01-01,2027-01-01,lay,js50
MBR-00467,1964-11-21,1999-10-04,,,2034-12-01,2034-12-01,lay,js50
MBR-00468,1958-02-12,1983-01-15,,,2022-03-01,2022-03-01,clergy,js50
MBR-00469,1953-08-07,1996-08-19,,,2020-01-01,2020-01-01,clergy,js100
MBR-00470,1952-06-14,1991-08-18,,,2017-05-01,2017-05-01,clergy,none
MBR-00471,1946-12-10,1988-03-10,,,2013-10-01,2013-10-01,lay,none
MBR-00472,1972-04-17,1999-04-21,,,,,lay,js100
MBR-00473,1975-11-08,2015-09-27,,,2044-05-01,2044-05-01,clergy,js100
MBR-00474,1967-10-09,2002-04-04,,,,,clergy,js50
MBR-00475,1951-11-11,1989-04-22,,,,,lay,js100
MBR-00476,1956-01-07,1997-06-07,,,2017-08-01,2017-08-01,clergy,js50
MBR-00477,1958-02-06,2000-02-13,,,2018-05-01,2018-05-01,lay,none
MBR-00478,1946-09-07,1978-05-21,,,2010-07-01,2010-07-01,clergy,js100
MBR-00479,1966-12-25,1992-02-03,,,2028-05-01,2028-05-01,lay,none
MBR-00480,1957-08-14,1986-11-19,,,2027-11-01,2027-11-01,lay,none
MBR-00481,1949-09-27,1981-09-01,,,,,clergy,js50
MBR-00482,1969-12-07,2008-09-22,,,2030-08-01,2030-08-01,clergy,js100
MBR-00483,1974-11-06,2015-08-03,,,,,clergy,js100
MBR-00484,1970-01-05,2000-03-18,,,,,clergy,js100
MBR-00485,1947-11-16,1989-04-22,,,,,lay,js50
MBR-00486,1962-04-14,2002-02-11,,,,,clergy,js100
MBR-00487,1966-12-23,1996-05-03,,,2027-08-01,2027-08-01,clergy,js100
MBR-00488,1957-03-10,1989-12-26,,,2021-11-01,2021-11-01,clergy,js100
MBR-00489,1955-11-09,1994-05-06,,,2026-04-01,2026-04-01,lay,js50
MBR-00490,1948-08-21,1985-02-24,,,2017-10-01,2017-10-01,lay,js100
MBR-00491,1950-03-07,1985-06-07,,,2017-06-01,2017-06-01,clergy,none
MBR-00492,1946-12-18,1980-08-20,,,,,clergy,js100
MBR-00493,1950-04-08,1981-01-12,,,2011-10-01,2011-10-01,lay,js50
MBR-00494,1963-04-21,1988-06-25,,,2025-01-01,2025-01-01,lay,js50
MBR-00495,1951-12-19,1987-04-15,,,2019-11-01,2019-11-01,lay,js50
MBR-00496,1960-05-28,1995-12-02,,,2031-11-01,2031-11-01,clergy,none
MBR-00497,1948-02-21,1972-02-24,,,2011-10-01,2011-10-01,clergy,js50
MBR-00498,1965-09-26,1990-12-05,,,2032-02-01,2032-02-01,clergy,js100
MBR-00499,1969-10-20,2011-12-24,,,2037-07-01,2037-07-01,clergy,js100
MBR-00500,1962-06-12,2002-10-02,,,,,clergy,none
MBR-00501,1954-02-10,1985-03-28,,,2021-07-01,2021-07-01,lay,js50
MBR-00502,1961-08-13,1999-01-12,,,,,clergy,none
MBR-00503,1967-11-11,1993-11-16,,,,,lay,none
MBR-00504,1950-10-16,1979-01-28,,,2017-06-01,2017-06-01,clergy,js100
MBR-00505,1972-12-16,1999-12-14,,,2038-09-01,2038-09-01,clergy,js100
MBR-00506,1975-12-14,2008-03-01,,,2041-08-01,2041-08-01,clergy,js100
MBR-00507,1953-08-09,1996-12-08,,,2014-07-01,2014-07-01,lay,js100
MBR-00508,1958-04-28,1985-04-05,,,2019-01-01,2019-01-01,clergy,js50
MBR-00509,1966-05-02,1999-10-11,,,,,lay,js100
MBR-00510,1949-07-08,1977-02-20,,,2015-09-01,2015-09-01,clergy,js100
MBR-00511,1949-08-18,1984-08-25,,,2018-03-01,2018-03-01,lay,js100
MBR-00512,1949-08-12,1988-01-25,,,2018-06-01,2018-06-01,clergy,js100
MBR-00513,1970-12-13,1999-11-18,,,2035-05-01,2035-05-01,clergy,js50
MBR-00514,1974-10-12,2017-02-06,,,2039-09-01,2039-09-01,clergy,none
MBR-00515,1975-07-27,2010-10-08,,,2042-01-01,2042-01-01,lay,js50
MBR-00516,1946-06-15,1976-08-16,,,2008-11-01,2008-11-01,lay,none
MBR-00517,1974-07-12,2014-02-04,,,2039-12-01,2039-12-01,clergy,none
MBR-00518,1970-08-04,2009-01-24,,,2037-11-01,2037-11-01,clergy,none
MBR-00519,1973-11-07,1997-05-02,,,2037-01-01,2037-01-01,lay,js50
MBR-00520,1968-12-07,2010-06-18,,,2038-12-01,2038-12-01,lay,js100
MBR-00521,1964-01-22,1999-09-14,,,2027-01-01,2027-01-01,clergy,js50
MBR-00522,1974-03-26,2010-02-16,,,2034-02-01,2034-02-01,clergy,js50
MBR-00523,1965-11-26,1991-11-01,,,,,clergy,js100
MBR-00524,1953-04-09,1982-06-16,,,,,lay,js100
MBR-00525,1960-01-26,1990-03-05,,,2024-03-01,2024-03-01,clergy,js100
MBR-00526,1958-12-18,1999-06-20,,,,,lay,js50
MBR-00527,1972-07-05,2014-06-07,,,2035-05-01,2035-05-01,clergy,js100
MBR-00528,1974-07-06,2009-12-11,,,,,clergy,none
MBR-00529,1960-08-02,1988-05-25,,,2020-08-01,2020-08-01,lay,none
MBR-00530,1948-04-28,1986-04-09,,,2018-12-01,2018-12-01,clergy,js100
MBR-00531,1948-12-23,1973-10-21,,,2015-12-01,2015-12-01,clergy,js100
MBR-00532,1947-10-24,1989-06-17,,,2008-09-01,2008-09-01,lay,js100
MBR-00533,1950-01-23,1984-07-19,,,2011-05-01,2011-05-01,lay,none
MBR-00534,1952-12-12,1990-12-10,,,2021-04-01,2021-04-01,clergy,js50
MBR-00535,1946-02-01,1980-07-16,,,2011-01-01,2011-01-01,clergy,js50
MBR-00536,1956-12-19,1995-01-05,,,,,clergy,js50
MBR-00537,1960-02-17,1986-10-07,,,,,clergy,js50
MBR-00538,1971-10-22,1996-02-08,,,,,lay,js100
MBR-00539,1965-10-15,1994-07-01,,,,,lay,js100
MBR-00540,1974-06-25,2017-12-27,,,,,clergy,js50
MBR-00541,1959-09-19,1998-12-21,,,,,clergy,js50
MBR-00542,1969-09-08,2000-02-18,,,2029-02-01,2029-02-01,lay,js50
MBR-00543,1965-07-20,2004-03-05,,,2028-10-01,2028-10-01,clergy,js100
MBR-00544,1947-07-15,1975-06-13,,,,,lay,js100
MBR-00545,1975-07-16,2015-03-03,,,2040-08-01,2040-08-01,lay,js50
MBR-00546,1961-01-27,2004-09-20,,,2024-12-01,2024-12-01,lay,js100
MBR-00547,1950-02-07,1986-08-28,,,2013-10-01,2013-10-01,lay,none
MBR-00548,1954-09-26,1990-06-17,,,2018-01-01,2018-01-01,clergy,js50
MBR-00549,1962-06-28,1994-01-15,,,,,clergy,js50
MBR-00550,1968-03-22,2009-03-28,,,2037-01-01,2037-01-01,lay,js50
MBR-00551,1960-06-26,2000-11-26,,,2028-05-01,2028-05-01,lay,none
MBR-00552,1954-06-02,1991-09-13,,,2022-07-01,2022-07-01,clergy,js100
MBR-00553,1949-04-25,1974-02-09,,,2009-06-01,2009-06-01,clergy,js50
MBR-00554,1971-01-06,2011-02-24,,,2031-02-01,2031-02-01,clergy,none
MBR-00555,1946-05-10,1970-06-24,,,,,clergy,none
MBR-00556,1948-10-26,1989-11-02,,,2009-04-01,2009-04-01,lay,js50
MBR-00557,1973-11-12,2013-06-12,,,2041-07-01,2041-07-01,clergy,js50
MBR-00558,1969-12-03,2011-08-23,,,,,lay,js50
MBR-00559,1972-05-27,2010-06-13,,,2039-05-01,2039-05-01,clergy,js100
MBR-00560,1969-08-26,1997-04-07,,,2033-04-01,2033-04-01,lay,none
MBR-00561,1968-06-25,2001-11-13,,,2039-06-01,2039-06-01,clergy,js100
MBR-00562,1957-04-10,1993-01-16,,,,,clergy,js100
MBR-00563,1973-11-25,2000-11-01,,,2034-04-01,2034-04-01,lay,none
MBR-00564,1960-06-01,1999-09-25,,,2025-07-01,2025-07-01,lay,js50
MBR-00565,1972-01-13,2014-01-11,,,2039-01-01,2039-01-01,clergy,none
MBR-00566,1954-08-15,1988-05-10,,,,,lay,js100
MBR-00567,1950-09-03,1982-06-10,,,2011-04-01,2011-04-01,clergy,js50
MBR-00568,1953-04-09,1995-11-12,,,,,clergy,js50
MBR-00569,1963-12-20,2001-04-24,,,2031-12-01,2031-12-01,lay,js100
MBR-00570,1975-02-20,2001-03-13,,,2044-12-01,2044-12-01,lay,js100
MBR-00571,1964-12-10,1991-06-19,,,2035-02-01,2035-02-01,clergy,js50
MBR-00572,1949-04-20,1985-11-08,,,2019-09-01,2019-09-01,clergy,none
MBR-00573,1960-09-10,2002-05-07,,,2024-03-01,2024-03-01,lay,js50
MBR-00574,1952-12-10,1979-08-09,,,2018-03-01,2018-03-01,clergy,js100
MBR-00575,1975-04-25,2013-09-15,,,,,clergy,none
MBR-00576,1970-01-28,1999-09-25,,,2035-12-01,2035-12-01,clergy,none
MBR-00577,1966-11-04,1998-11-08,,,2031-07-01,2031-07-01,clergy,js100
MBR-00578,1956-12-11,1987-09-28,,,,,clergy,js100
MBR-00579,1975-02-18,2000-02-28,,,,,clergy,js50
MBR-00580,1966-01-18,2003-03-10,,,,,clergy,js50
MBR-00581,1946-08-10,1975-12-27,,,,,clergy,js100
MBR-00582,1968-11-09,2003-05-05,,,2030-04-01,2030-04-01,lay,js100
MBR-00583,1951-05-12,1975-05-14,,,2019-06-01,2019-06-01,clergy,js50
MBR-00584,1957-01-25,1993-10-15,,,2020-01-01,2020-01-01,clergy,js100
MBR-00585,1955-05-16,1992-09-20,,,2023-02-01,2023-02-01,lay,js100
MBR-00586,1962-08-18,1995-06-03,,,,,lay,js50
MBR-00587,1964-09-21,2002-11-08,,,2034-05-01,2034-05-01,lay,none
MBR-00588,1952-05-24,1981-05-13,,,,,lay,js50
MBR-00589,1950-06-21,1992-06-04,,,2010-11-01,2010-11-01,clergy,js100
MBR-00590,1963-03-25,1996-10-23,,,2027-09-01,2027-09-01,lay,js100
MBR-00591,1965-09-20,1997-07-26,,,2033-08-01,2033-08-01,lay,js100
MBR-00592,1955-10-22,1993-08-19,,,2016-12-01,2016-12-01,lay,none
MBR-00593,1965-06-12,1992-12-16,,,,,lay,js100
MBR-00594,1965-04-17,1993-06-09,,,2030-03-01,2030-03-01,lay,none
MBR-00595,1968-12-25,1994-12-26,,,2038-12-01,2038-12-01,clergy,js50
MBR-00596,1951-11-07,1990-04-15,,,2022-02-01,2022-02-01,clergy,js100
MBR-00597,1956-10-17,1993-08-14,,,2021-03-01,2021-03-01,clergy,js100
MBR-00598,1974-05-05,2008-07-11,,,2043-02-01,2043-02-01,clergy,js50
MBR-00599,1964-09-12,1995-08-26,,,2028-11-01,2028-11-01,clergy,js50
MBR-00600,1953-09-12,1991-08-12,,,2018-07-01,2018-07-01,lay,js50
MBR-00601,1951-06-03,1985-05-01,,,,,clergy,js50
MBR-00602,1972-05-10,2000-06-16,,,,,clergy,none
MBR-00603,1956-04-25,1992-04-02,,,,,lay,none
MBR-00604,1973-11-26,2005-06-09,,,,,clergy,none
MBR-00605,1956-03-06,1980-06-15,,,,,clergy,none
MBR-00606,1946-01-26,1989-07-21,,,2009-07-01,2009-07-01,clergy,js100
MBR-00607,1969-06-16,1997-05-27,,,,,clergy,js50
MBR-00608,1973-10-03,1999-05-20,,,2036-11-01,2036-11-01,lay,none
MBR-00609,1975-02-12,2009-02-13,,,,,lay,js50
MBR-00610,1948-02-27,1981-03-07,,,2010-08-01,2010-08-01,lay,js100
MBR-00611,1949-08-17,1988-05-14,,,2015-08-01,2015-08-01,clergy,js50
MBR-00612,1958-09-19,1987-09-06,,,2024-09-01,2024-09-01,lay,none
MBR-00613,1963-12-04,2006-02-14,,,2026-03-01,2026-03-01,clergy,js50
MBR-00614,1947-08-19,1978-07-24,,,,,clergy,js100
MBR-00615,1959-10-04,1997-07-05,,,2026-10-01,2026-10-01,lay,none
MBR-00616,1971-01-27,2002-06-21,,,2035-06-01,2035-06-01,lay,js50
MBR-00617,1973-11-28,2010-03-07,,,2041-10-01,2041-10-01,clergy,js100
MBR-00618,1975-02-23,2012-02-12,,,,,lay,js50
MBR-00619,1967-12-25,1998-03-06,,,2036-07-01,2036-07-01,clergy,js50
MBR-00620,1955-04-05,1996-02-19,,,2017-07-01,2017-07-01,clergy,none
MBR-00621,1975-01-19,2018-08-26,,,,,clergy,js50
MBR-00622,1954-05-18,1985-04-28,,,2016-05-01,2016-05-01,clergy,js100
MBR-00623,1953-08-02,1991-07-23,,,,,lay,none
MBR-00624,1958-09-04,1989-03-17,,,2022-07-01,2022-07-01,clergy,js50
MBR-00625,1966-01-19,2006-03-03,,,,,lay,none
MBR-00626,1957-09-02,1999-05-15,,,2017-09-01,2017-09-01,lay,none
MBR-00627,1959-12-10,1985-02-11,,,,,clergy,js50
MBR-00628,1960-07-15,1998-09-11,,,2021-09-01,2021-09-01,lay,js50
MBR-00629,1962-09-02,1994-06-01,,,2027-08-01,2027-08-01,clergy,none
MBR-00630,1948-09-12,1973-06-01,,,,,clergy,none
MBR-00631,1971-09-15,2006-01-01,,,2037-04-01,2037-04-01,clergy,none
MBR-00632,1964-11-19,1992-12-12,,,,,clergy,js50
MBR-00633,1948-02-08,1974-08-01,,,,,clergy,js100
MBR-00634,1957-05-19,1995-10-25,,,,,lay,js100
MBR-00635,1973-01-05,2001-05-13,,,2042-09-01,2042-09-01,lay,js100
MBR-00636,1954-12-27,1979-09-17,,,,,lay,js50
MBR-00637,1955-08-19,1984-12-11,,,2018-07-01,2018-07-01,clergy,none
MBR-00638,1956-05-14,1992-04-18,,,2023-02-01,2023-02-01,clergy,js50
MBR-00639,1970-02-15,2000-01-18,,,2037-03-01,2037-03-01,lay,none
MBR-00640,1975-10-22,2002-04-25,,,2040-10-01,2040-10-01,clergy,js100
MBR-00641,1967-03-01,2002-09-06,,,2029-03-01,2029-03-01,clergy,none
MBR-00642,1952-06-13,1988-04-21,,,,,clergy,none
MBR-00643,1958-09-08,1984-09-18,,,2027-11-01,2027-11-01,clergy,js100
MBR-00644,1968-06-06,2009-10-21,,,2039-02-01,2039-02-01,clergy,js50
MBR-00645,1974-10-23,1999-01-04,,,2037-02-01,2037-02-01,lay,js100
MBR-00646,1956-12-20,1994-01-11,,,2020-03-01,2020-03-01,clergy,js100
MBR-00647,1962-11-11,1994-03-07,,,2025-05-01,2025-05-01,clergy,js100
MBR-00648,1964-12-02,1998-06-27,,,2034-11-01,2034-11-01,clergy,none
MBR-00649,1963-05-02,1991-05-25,,,2029-11-01,2029-11-01,lay,js100
MBR-00650,1960-02-27,1985-04-08,,,2026-08-01,2026-08-01,clergy,js100
MBR-00651,1949-09-04,1981-06-21,,,2019-12-01,2019-12-01,lay,none
MBR-00652,1959-10-09,2000-10-17,,,,,lay,js100
MBR-00653,1946-05-01,1981-05-23,,,2008-08-01,2008-08-01,lay,js100
MBR-00654,1958-08-27,1985-08-07,,,2025-08-01,2025-08-01,clergy,js100
MBR-00655,1975-01-15,2006-08-16,,,2038-12-01,2038-12-01,clergy,js50
MBR-00656,1975-05-27,2010-11-23,,,2043-10-01,2043-10-01,clergy,js100
MBR-00657,1971-05-22,2013-06-18,,,,,lay,js100
MBR-00658,1962-06-03,2001-06-04,,,,,clergy,none
MBR-00659,1969-06-01,2010-05-11,,,2032-07-01,2032-07-01,clergy,js100
MBR-00660,1974-06-14,2001-01-08,,,2042-07-01,2042-07-01,clergy,none
MBR-00661,1946-12-10,1977-03-13,,,,,lay,none
MBR-00662,1963-07-19,1997-03-01,,,,,clergy,none
MBR-00663,1970-04-22,2005-04-27,,,2035-03-01,2035-03-01,clergy,none
MBR-00664,1964-12-13,1997-02-09,,,,,clergy,js100
MBR-00665,1967-05-22,1998-06-06,,,2038-05-01,2038-05-01,clergy,js50
MBR-00666,1974-09-04,2010-10-19,,,2035-07-01,2035-07-01,clergy,js100
MBR-00667,1957-02-22,1988-05-12,,,2027-07-01,2027-07-01,lay,js100
MBR-00668,1971-08-28,1996-03-01,,,2040-02-01,2040-02-01,clergy,none
MBR-00669,1951-05-17,1976-12-26,,,2018-03-01,2018-03-01,clergy,none
MBR-00670,1952-10-05,1983-10-25,,,2013-12-01,2013-12-01,clergy,js50
MBR-00671,1974-05-21,2000-02-13,,,2038-02-01,2038-02-01,clergy,js100
MBR-00672,1950-04-10,1978-11-08,,,2013-12-01,2013-12-01,lay,js100
MBR-00673,1946-12-15,1972-12-08,,,2013-05-01,2013-05-01,clergy,none
MBR-00674,1962-04-14,1990-11-17,,,,,clergy,none
MBR-00675,1954-12-02,1978-08-19,,,2017-06-01,2017-06-01,lay,js100
MBR-00676,1955-11-20,1992-12-01,,,,,lay,js50
MBR-00677,1972-11-19,1996-03-10,,,2040-01-01,2040-01-01,clergy,js100
MBR-00678,1969-05-12,2008-10-21,,,,,clergy,js50
MBR-00679,1974-04-20,2012-07-22,,,2035-09-01,2035-09-01,lay,none
MBR-00680,1969-01-19,2002-03-05,,,,,lay,js100
MBR-00681,1954-08-01,1978-07-24,,,2020-04-01,2020-04-01,clergy,js50
MBR-00682,1975-02-24,2004-04-05,,,2046-01-01,2046-01-01,lay,js100
MBR-00683,1947-09-26,1977-07-18,,,2008-02-01,2008-02-01,clergy,js50
MBR-00684,1958-10-23,1990-12-19,,,2025-08-01,2025-08-01,clergy,none
MBR-00685,1963-07-17,1987-08-19,,,2026-09-01,2026-09-01,lay,js100
MBR-00686,1968-04-07,2002-06-07,,,2028-07-01,2028-07-01,lay,js50
MBR-00687,1974-10-17,2007-04-02,,,2037-02-01,2037-02-01,lay,js100
MBR-00688,1948-08-04,1982-09-19,,,2017-01-01,2017-01-01,lay,none
MBR-00689,1963-03-02,2002-03-28,,,2032-04-01,2032-04-01,clergy,none
MBR-00690,1961-07-27,1989-07-11,,,,,clergy,js100
MBR-00691,1952-03-23,1995-01-02,,,2019-11-01,2019-11-01,clergy,none
MBR-00692,1972-05-25,1996-08-24,,,2032-10-01,2032-10-01,clergy,js100
MBR-00693,1962-07-28,1997-05-17,,,2029-02-01,2029-02-01,lay,none
MBR-00694,1965-08-17,2006-04-05,,,2028-01-01,2028-01-01,lay,js100
MBR-00695,1964-08-15,2000-10-25,,,,,clergy,js50
MBR-00696,1963-04-09,1996-02-25,,,,,clergy,js100
MBR-00697,1967-02-25,1996-03-23,,,2035-09-01,2035-09-01,lay,js50
MBR-00698,1961-04-07,1994-04-04,,,2022-09-01,2022-09-01,clergy,none
MBR-00699,1947-03-07,1984-02-18,,,2009-04-01,2009-04-01,lay,js50
MBR-00700,1959-10-21,1993-05-10,,,2028-06-01,2028-06-01,clergy,js50
MBR-00701,1949-08-25,1987-08-03,,,2015-06-01,2015-06-01,lay,js100
MBR-00702,1958-04-11,2001-03-10,,,2026-09-01,2026-09-01,clergy,js100
MBR-00703,1970-10-04,2012-02-22,,,,,lay,none
MBR-00704,1962-08-08,2000-12-26,,,2032-05-01,2032-05-01,lay,js50
MBR-00705,1969-06-04,1996-01-06,,,,,clergy,js100
MBR-00706,1963-01-01,1994-08-03,,,2030-02-01,2030-02-01,clergy,js50
MBR-00707,1949-07-12,1984-08-05,,,2010-02-01,2010-02-01,lay,none
MBR-00708,1948-01-03,1974-11-19,,,,,clergy,none
MBR-00709,1971-10-07,2009-06-09,,,2041-11-01,2041-11-01,lay,none
MBR-00710,1963-12-19,1988-06-23,,,2033-05-01,2033-05-01,clergy,none
MBR-00711,1956-07-18,1982-08-04,,,2018-07-01,2018-07-01,clergy,js100
MBR-00712,1965-11-19,1994-08-23,,,,,clergy,js50
MBR-00713,1974-05-22,2011-09-13,,,,,lay,js50
MBR-00714,1969-04-10,2000-03-02,,,,,lay,none
MBR-00715,1966-12-25,1997-09-28,,,2031-10-01,2031-10-01,clergy,js50
MBR-00716,1947-04-15,1987-12-20,,,2015-02-01,2015-02-01,lay,none
MBR-00717,1959-07-22,1994-01-14,,,2025-12-01,2025-12-01,lay,js50
MBR-00718,1948-01-14,1979-08-18,,,2017-08-01,2017-08-01,lay,js100
MBR-00719,1947-09-06,1983-10-12,,,2010-11-01,2010-11-01,lay,js50
MBR-00720,1950-10-26,1985-05-07,,,2018-11-01,2018-11-01,clergy,js100
MBR-00721,1964-01-24,2000-12-01,,,2026-01-01,2026-01-01,clergy,js100
MBR-00722,1951-09-18,1982-07-07,,,,,lay,none
MBR-00723,1951-09-09,1977-12-10,,,,,clergy,none
MBR-00724,1974-12-21,1998-05-09,,,2035-11-01,2035-11-01,clergy,none
MBR-00725,1959-01-06,1986-02-12,,,,,clergy,js50
MBR-00726,1974-06-11,1999-02-03,,,,,lay,none
MBR-00727,1956-03-28,1983-09-16,,,2019-03-01,2019-03-01,clergy,js100
MBR-00728,1966-12-21,1997-11-04,,,2027-10-01,2027-10-01,clergy,js100
MBR-00729,1960-06-18,1987-11-23,,,2027-04-01,2027-04-01,lay,none
MBR-00730,1955-11-09,1982-11-11,,,2026-07-01,2026-07-01,lay,js50
MBR-00731,1972-12-15,2005-10-13,,,2036-02-01,2036-02-01,lay,none
MBR-00732,1963-09-06,2006-01-11,,,2029-07-01,2029-07-01,lay,js100
MBR-00733,1963-07-17,2006-02-10,,,2032-06-01,2032-06-01,clergy,js100
MBR-00734,1974-10-14,2004-10-04,,,2039-07-01,2039-07-01,clergy,js50
MBR-00735,1948-02-05,1979-06-14,,,2012-12-01,2012-12-01,lay,js50
MBR-00736,1955-12-18,1987-09-27,,,2021-03-01,2021-03-01,lay,js50
MBR-00737,1951-08-04,1980-06-25,,,,,clergy,js100
MBR-00738,1961-09-08,1986-08-11,,,2028-04-01,2028-04-01,lay,js100
MBR-00739,1947-09-28,1983-01-17,,,,,lay,js100
MBR-00740,1956-12-08,1994-11-20,,,,,lay,js100
MBR-00741,1971-12-17,2009-12-11,,,2033-09-01,2033-09-01,lay,js100
MBR-00742,1947-08-13,1985-08-28,,,,,clergy,none
MBR-00743,1963-10-11,2001-01-16,,,2024-07-01,2024-07-01,clergy,js50
MBR-00744,1949-04-01,1975-06-06,,,2020-03-01,2020-03-01,clergy,js50
MBR-00745,1956-01-20,1998-04-11,,,2021-11-01,2021-11-01,clergy,js50
MBR-00746,1964-06-10,1988-07-20,,,2025-12-01,2025-12-01,lay,js50
MBR-00747,1971-09-09,2000-02-12,,,2033-12-01,2033-12-01,lay,js100
MBR-00748,1955-07-26,1996-10-21,,,,,clergy,none
MBR-00749,1953-06-05,1993-08-18,,,2019-07-01,2019-07-01,lay,js100
MBR-00750,1960-11-19,2001-05-20,,,2024-03-01,2024-03-01,clergy,none
MBR-00751,1952-09-06,1985-09-13,,,2017-11-01,2017-11-01,lay,none
MBR-00752,1951-02-03,1975-01-10,,,2012-09-01,2012-09-01,lay,js50
MBR-00753,1959-07-08,1986-03-16,,,2023-05-01,2023-05-01,clergy,none
MBR-00754,1962-01-26,1986-06-12,,,2027-08-01,2027-08-01,clergy,js50
MBR-00755,1964-08-01,1996-04-20,,,2032-03-01,2032-03-01,clergy,none
MBR-00756,1954-04-09,1987-09-13,,,2025-01-01,2025-01-01,lay,none
MBR-00757,1949-12-19,1977-07-27,,,2016-03-01,2016-03-01,lay,none
MBR-00758,1975-05-06,2006-11-17,,,2035-11-01,2035-11-01,lay,none
MBR-00759,1958-10-28,1999-09-18,,,,,lay,js100
MBR-00760,1970-07-12,2005-09-24,,,2040-07-01,2040-07-01,clergy,none
MBR-00761,1953-05-21,1981-07-19,,,,,lay,js100
MBR-00762,1971-04-21,1995-07-27,,,,,clergy,none
MBR-00763,1946-09-23,1974-07-07,,,2013-08-01,2013-08-01,clergy,js50
MBR-00764,1951-10-24,1977-06-21,,,2016-01-01,2016-01-01,lay,none
MBR-00765,1975-09-11,2006-04-03,,,,,lay,js50
MBR-00766,1970-04-03,2007-05-17,,,2030-08-01,2030-08-01,lay,js50
MBR-00767,1950-01-06,1987-05-10,,,,,clergy,none
MBR-00768,1970-10-07,2006-01-16,,,2036-10-01,2036-10-01,lay,none
MBR-00769,1964-06-17,1992-05-12,,,2024-10-01,2024-10-01,clergy,none
MBR-00770,1970-11-15,2013-08-14,,,2036-04-01,2036-04-01,clergy,js100
MBR-00771,1971-02-19,1998-01-18,,,,,clergy,js100
MBR-00772,1953-01-17,1993-02-10,,,2022-01-01,2022-01-01,clergy,js100
MBR-00773,1956-01-16,1981-06-27,,,2024-11-01,2024-11-01,clergy,js100
MBR-00774,1962-05-16,1989-01-05,,,,,clergy,js100
MBR-00775,1946-08-10,1970-03-28,,,2015-11-01,2015-11-01,clergy,none
MBR-00776,1957-02-19,1999-06-28,,,,,clergy,js100
MBR-00777,1965-09-17,2006-09-06,,,2035-01-01,2035-01-01,clergy,js50
MBR-00778,1961-11-12,1985-09-18,,,2030-03-01,2030-03-01,clergy,js100
MBR-00779,1954-01-23,1982-06-19,,,2020-04-01,2020-04-01,lay,none
MBR-00780,1964-11-09,1998-11-20,,,2031-01-01,2031-01-01,lay,none
MBR-00781,1964-05-20,1996-11-14,,,2032-10-01,2032-10-01,clergy,js50
MBR-00782,1967-04-13,2003-03-04,,,2032-03-01,2032-03-01,lay,js100
MBR-00783,1962-09-09,1991-12-04,,,2031-04-01,2031-04-01,lay,js100
MBR-00784,1953-08-26,1978-12-02,,,2022-08-01,2022-08-01,clergy,none
MBR-00785,1957-05-14,1993-03-02,,,2026-09-01,2026-09-01,clergy,js50
MBR-00786,1953-06-10,1993-11-11,,,2020-10-01,2020-10-01,lay,js100
MBR-00787,1970-12-17,2007-06-12,,,2038-03-01,2038-03-01,lay,js50
MBR-00788,1948-03-16,1983-07-18,,,2018-01-01,2018-01-01,lay,js100
MBR-00789,1969-07-20,2010-05-09,,,2038-05-01,2038-05-01,lay,js50
MBR-00790,1974-02-23,2008-07-17,,,2041-11-01,2041-11-01,clergy,js50
MBR-00791,1968-03-15,2002-03-22,,,2030-02-01,2030-02-01,lay,none
MBR-00792,1950-03-08,1977-10-23,,,2020-06-01,2020-06-01,lay,none
MBR-00793,1952-02-07,1984-11-03,,,2023-01-01,2023-01-01,clergy,js50
MBR-00794,1961-10-25,1992-07-14,,,2025-03-01,2025-03-01,clergy,js100
MBR-00795,1962-02-19,1989-01-12,,,,,lay,js100
MBR-00796,1957-04-22,1995-11-14,,,2025-04-01,2025-04-01,clergy,js100
MBR-00797,1952-05-25,1978-05-02,,,2016-09-01,2016-09-01,clergy,js50
MBR-00798,1948-01-10,1981-11-04,,,2014-12-01,2014-12-01,clergy,js100
MBR-00799,1950-06-14,1987-02-21,,,2019-11-01,2019-11-01,lay,none
MBR-00800,1946-05-24,1988-01-23,,,2009-10-01,2009-10-01,clergy,js50
MBR-00801,1950-02-04,1993-11-26,,,2021-01-01,2021-01-01,clergy,none
MBR-00802,1972-11-04,1999-09-22,,,2042-05-01,2042-05-01,lay,js100
MBR-00803,1965-07-17,1991-08-11,,,,,clergy,none
MBR-00804,1971-10-15,2004-05-14,,,,,lay,js50
MBR-00805,1947-11-21,1975-08-27,,,2011-08-01,2011-08-01,clergy,js100
MBR-00806,1954-02-21,1978-09-20,,,2023-01-01,2023-01-01,clergy,js100
MBR-00807,1974-12-04,1998-06-15,,,2040-07-01,2040-07-01,clergy,js50
MBR-00808,1972-05-09,2005-02-02,,,2036-12-01,2036-12-01,clergy,none
MBR-00809,1974-05-24,2008-04-22,,,2043-12-01,2043-12-01,clergy,none
MBR-00810,1949-05-03,1984-01-02,,,,,clergy,js100
MBR-00811,1962-08-01,1997-06-06,,,,,lay,none
MBR-00812,1952-02-13,1980-03-07,,,2019-10-01,2019-10-01,lay,js50
MBR-00813,1973-10-26,2011-12-18,,,2040-09-01,2040-09-01,lay,js50
MBR-00814,1973-01-10,2000-08-13,,,2038-09-01,2038-09-01,clergy,js100
MBR-00815,1947-01-20,1971-12-24,,,2014-11-01,2014-11-01,lay,js100
MBR-00816,1961-04-20,1994-02-16,,,2028-06-01,2028-06-01,clergy,none
MBR-00817,1973-08-27,2007-07-10,,,,,lay,none
MBR-00818,1964-06-16,2002-10-03,,,2024-12-01,2024-12-01,lay,none
MBR-00819,1958-07-25,1986-04-26,,,2019-09-01,2019-09-01,clergy,js50
MBR-00820,1946-08-10,1981-09-08,,,2007-02-01,2007-02-01,clergy,js50
MBR-00821,1956-09-03,1998-01-07,,,2022-03-01,2022-03-01,clergy,js100
MBR-00822,1963-04-22,1996-05-28,,,,,clergy,none
MBR-00823,1964-11-01,2004-10-02,,,2030-08-01,2030-08-01,clergy,js50
MBR-00824,1962-02-27,1990-01-04,,,2028-09-01,2028-09-01,lay,js100
MBR-00825,1947-09-27,1985-07-09,,,,,clergy,js100
MBR-00826,1962-10-18,2002-01-01,,,,,lay,js100
MBR-00827,1955-01-22,1979-06-12,,,2022-06-01,2022-06-01,clergy,js100
MBR-00828,1949-03-27,1988-05-13,,,2017-03-01,2017-03-01,clergy,js100
MBR-00829,1957-02-20,1996-01-17,,,,,lay,js100
MBR-00830,1969-11-17,2009-03-14,,,2033-07-01,2033-07-01,clergy,js100
MBR-00831,1955-08-10,1995-08-17,,,,,clergy,none
MBR-00832,1968-03-02,1999-05-25,,,2030-07-01,2030-07-01,lay,js100
MBR-00833,1959-06-13,1997-12-24,,,2029-09-01,2029-09-01,clergy,js50
MBR-00834,1964-09-07,2000-06-02,,,2032-02-01,2032-02-01,clergy,js100
MBR-00835,1960-08-14,1992-03-21,,,,,clergy,js100
MBR-00836,1971-10-02,1995-04-17,,,2037-05-01,2037-05-01,clergy,js50
MBR-00837,1973-02-26,2010-08-02,,,2038-09-01,2038-09-01,lay,js50
MBR-00838,1947-02-16,1985-05-18,,,,,clergy,js50
MBR-00839,1953-07-19,1985-08-15,,,,,clergy,js100
MBR-00840,1957-11-08,1984-04-27,,,2027-07-01,2027-07-01,clergy,js50
MBR-00841,1970-10-10,2013-08-21,,,,,clergy,js50
MBR-00842,1956-10-24,1995-07-26,,,,,lay,js100
MBR-00843,1957-06-18,1983-06-01,,,2019-08-01,2019-08-01,clergy,js50
MBR-00844,1973-03-19,2013-04-27,,,,,clergy,js100
MBR-00845,1946-10-06,1989-08-19,,,2016-12-01,2016-12-01,lay,js100
MBR-00846,1963-05-20,1996-07-26,,,2023-09-01,2023-09-01,clergy,js50
MBR-00847,1950-12-07,1982-03-02,,,2012-07-01,2012-07-01,lay,js50
MBR-00848,1953-12-24,1982-02-17,,,,,clergy,js100
MBR-00849,1966-03-12,1999-02-28,,,,,lay,js100
MBR-00850,1948-11-27,1973-11-07,,,2019-04-01,2019-04-01,clergy,js100
MBR-00851,1960-01-05,1988-02-13,,,2027-10-01,2027-10-01,clergy,none
MBR-00852,1947-08-16,1981-09-23,,,2011-06-01,2011-06-01,lay,js50
MBR-00853,1948-03-08,1990-03-02,,,2012-07-01,2012-07-01,clergy,js100
MBR-00854,1964-11-08,2000-01-14,,,2032-03-01,2032-03-01,clergy,js50
MBR-00855,1967-11-08,1994-01-03,,,2031-02-01,2031-02-01,clergy,none
MBR-00856,1954-10-16,1993-10-16,,,,,clergy,none
MBR-00857,1975-03-06,2011-09-06,,,2037-03-01,2037-03-01,lay,js50
MBR-00858,1953-02-02,1989-09-25,,,,,clergy,none
MBR-00859,1950-04-03,1976-12-12,,,2018-07-01,2018-07-01,clergy,js100
MBR-00860,1950-05-06,1990-02-04,,,,,clergy,js100
MBR-00861,1948-03-01,1975-06-27,,,,,lay,js100
MBR-00862,1948-03-11,1981-01-17,,,2014-05-01,2014-05-01,lay,js50
MBR-00863,1975-02-05,2017-10-06,,,2036-04-01,2036-04-01,lay,none
MBR-00864,1967-06-25,1995-05-08,,,,,clergy,js100
MBR-00865,1969-06-01,1995-04-14,,,2033-12-01,2033-12-01,clergy,none
MBR-00866,1974-03-23,2017-09-06,,,,,clergy,none
MBR-00867,1971-10-10,2005-09-07,,,2031-12-01,2031-12-01,clergy,js50
MBR-00868,1974-06-12,2006-05-27,,,2044-06-01,2044-06-01,lay,js100
MBR-00869,1966-06-04,1998-03-01,,,2030-11-01,2030-11-01,lay,js50
MBR-00870,1951-09-03,1979-08-24,,,2015-11-01,2015-11-01,lay,none
MBR-00871,1946-10-22,1984-02-26,,,,,clergy,js100
MBR-00872,1957-12-21,1981-03-21,,,,,clergy,none
MBR-00873,1952-09-10,1980-05-28,,,2022-10-01,2022-10-01,clergy,js100
MBR-00874,1959-12-01,1990-07-05,,,2022-03-01,2022-03-01,lay,js100
MBR-00875,1960-01-13,1985-03-13,,,2020-03-01,2020-03-01,clergy,js100
MBR-00876,1965-07-12,2007-06-11,,,2030-06-01,2030-06-01,clergy,js100
MBR-00877,1961-07-21,2003-12-03,,,2023-07-01,2023-07-01,clergy,js100
MBR-00878,1971-04-10,2012-04-16,,,2041-10-01,2041-10-01,lay,js100
MBR-00879,1973-07-10,1999-03-26,,,,,clergy,js100
MBR-00880,1960-03-05,1984-11-24,,,2029-10-01,2029-10-01,clergy,js100
MBR-00881,1974-10-20,2012-08-22,,,2039-02-01,2039-02-01,lay,none
MBR-00882,1949-03-01,1992-02-23,,,2019-09-01,2019-09-01,lay,none
MBR-00883,1951-09-10,1978-12-16,,,2021-02-01,2021-02-01,lay,none
MBR-00884,1974-10-04,2012-11-13,,,,,lay,js50
MBR-00885,1971-11-04,2010-11-06,,,,,clergy,none
MBR-00886,1964-04-02,1998-08-13,,,2024-11-01,2024-11-01,clergy,js50
MBR-00887,1968-10-28,2010-11-07,,,2035-02-01,2035-02-01,clergy,none
MBR-00888,1949-08-19,1978-02-02,,,2018-11-01,2018-11-01,lay,none
MBR-00889,1962-11-12,1992-02-26,,,,,clergy,js100
MBR-00890,1956-01-12,1992-07-23,,,2027-06-01,2027-06-01,clergy,none
MBR-00891,1966-10-16,2004-10-09,,,,,clergy,js50
MBR-00892,1958-02-16,1995-11-22,,,2022-07-01,2022-07-01,clergy,js100
MBR-00893,1975-03-13,2007-05-23,,,,,clergy,none
MBR-00894,1960-09-28,1998-05-08,,,2021-05-01,2021-05-01,clergy,none
MBR-00895,1960-03-06,1990-03-12,,,,,clergy,js100
MBR-00896,1971-02-20,1998-12-15,,,,,clergy,js100
MBR-00897,1969-07-23,2010-03-24,,,,,clergy,none
MBR-00898,1972-05-24,1999-05-13,,,2035-12-01,2035-12-01,lay,none
MBR-00899,1947-11-16,1987-02-12,,,2016-03-01,2016-03-01,clergy,js50
MBR-00900,1961-07-02,1991-12-02,,,2023-07-01,2023-07-01,clergy,js50
MBR-00901,1955-11-09,1993-04-28,,,2020-01-01,2020-01-01,lay,js100
MBR-00902,1951-01-23,1985-10-08,,,2022-01-01,2022-01-01,clergy,none
MBR-00903,1958-02-19,1989-04-22,,,2027-10-01,2027-10-01,clergy,none
MBR-00904,1959-10-10,2000-02-11,,,2023-06-01,2023-06-01,clergy,js50
MBR-00905,1946-12-09,1986-02-12,,,2015-03-01,2015-03-01,lay,js100
MBR-00906,1967-01-07,2004-01-17,,,2034-09-01,2034-09-01,clergy,none
MBR-00907,1949-08-20,1982-07-21,,,2016-04-01,2016-04-01,clergy,js100
MBR-00908,1965-10-26,1991-06-25,,,2028-04-01,2028-04-01,clergy,js100
MBR-00909,1963-01-02,2001-12-27,,,2030-06-01,2030-06-01,lay,none
MBR-00910,1946-03-08,1986-06-07,,,,,lay,js50
MBR-00911,1969-12-10,2006-12-19,,,,,clergy,js100
MBR-00912,1953-09-11,1979-02-19,,,2022-05-01,2022-05-01,clergy,js50
MBR-00913,1946-12-04,1982-01-15,,,2015-01-01,2015-01-01,clergy,none
MBR-00914,1951-05-04,1980-03-21,,,2019-12-01,2019-12-01,clergy,js100
MBR-00915,1947-03-20,1977-12-13,,,2016-11-01,2016-11-01,lay,none
MBR-00916,1950-08-02,1976-01-08,,,2018-10-01,2018-10-01,lay,none
MBR-00917,1959-08-21,1994-10-01,,,,,clergy,js50
MBR-00918,1974-11-24,2001-07-06,,,2044-05-01,2044-05-01,clergy,js50
MBR-00919,1956-12-14,1997-06-26,,,2026-11-01,2026-11-01,clergy,js50
MBR-00920,1964-03-25,2007-11-15,,,,,clergy,js50
MBR-00921,1969-01-19,1997-05-05,,,2031-05-01,2031-05-01,clergy,js100
MBR-00922,1958-09-23,1995-02-23,,,2027-01-01,2027-01-01,clergy,js100
MBR-00923,1969-11-27,1994-06-07,,,2030-04-01,2030-04-01,lay,js100
MBR-00924,1974-10-01,2004-09-14,,,,,clergy,js100
MBR-00925,1946-01-04,1980-09-22,,,,,clergy,js50
MBR-00926,1946-09-05,1972-07-04,,,,,clergy,js50
MBR-00927,1967-09-08,2007-06-28,,,2031-03-01,2031-03-01,lay,js100
MBR-00928,1962-01-08,1997-09-13,,,2030-08-01,2030-08-01,clergy,js50
MBR-00929,1947-12-25,1983-09-01,,,,,clergy,js50
MBR-00930,1955-06-16,1993-07-08,,,2020-03-01,2020-03-01,clergy,js100
MBR-00931,1967-05-10,2007-04-11,,,2029-07-01,2029-07-01,lay,js100
MBR-00932,1953-07-27,1988-11-08,,,2021-08-01,2021-08-01,clergy,none
MBR-00933,1967-04-02,1994-03-23,,,,,clergy,none
MBR-00934,1952-07-04,1993-11-21,,,2020-04-01,2020-04-01,clergy,js50
MBR-00935,1957-01-11,1990-07-21,,,2018-07-01,2018-07-01,lay,js50
MBR-00936,1968-02-06,1998-06-19,,,2033-04-01,2033-04-01,clergy,none
MBR-00937,1957-03-08,1988-06-19,,,2020-10-01,2020-10-01,lay,js50
MBR-00938,1970-12-04,2004-04-24,,,,,lay,none
MBR-00939,1973-12-03,2007-04-23,,,2038-06-01,2038-06-01,clergy,js50
MBR-00940,1963-10-16,2004-01-11,,,2033-12-01,2033-12-01,clergy,js100
MBR-00941,1967-07-07,2005-10-27,,,2038-08-01,2038-08-01,clergy,js100
MBR-00942,1972-08-01,2003-11-01,,,2042-06-01,2042-06-01,lay,js100
MBR-00943,1968-06-02,1999-07-02,,,2038-12-01,2038-12-01,lay,none
MBR-00944,1969-11-25,1998-03-02,,,,,clergy,js100
MBR-00945,1948-01-01,1975-09-18,,,2013-05-01,2013-05-01,clergy,js50
MBR-00946,1964-12-20,2000-08-13,,,2027-11-01,2027-11-01,clergy,js50
MBR-00947,1974-09-06,2000-04-19,,,2043-04-01,2043-04-01,clergy,js50
MBR-00948,1974-02-18,2013-06-13,,,2035-02-01,2035-02-01,clergy,js100
MBR-00949,1953-09-18,1977-04-26,,,2023-04-01,2023-04-01,clergy,js50
MBR-00950,1951-04-22,1986-05-04,,,2012-02-01,2012-02-01,clergy,js50
MBR-00951,1958-10-02,1997-06-17,,,2019-11-01,2019-11-01,lay,none
MBR-00952,1967-09-24,1991-08-21,,,2037-09-01,2037-09-01,clergy,js50
MBR-00953,1956-01-16,1994-05-08,,,2017-03-01,2017-03-01,lay,none
MBR-00954,1952-07-12,1987-08-24,,,2019-12-01,2019-12-01,clergy,none
MBR-00955,1967-01-03,2008-03-09,,,,,clergy,js50
MBR-00956,1948-04-26,1986-03-17,,,,,clergy,none
MBR-00957,1970-08-11,1996-06-14,,,2037-05-01,2037-05-01,clergy,js50
MBR-00958,1964-09-03,1995-10-19,,,2032-01-01,2032-01-01,lay,js50
MBR-00959,1950-10-21,1981-01-20,,,2020-10-01,2020-10-01,lay,none
MBR-00960,1952-07-09,1984-06-19,,,2020-08-01,2020-08-01,clergy,js100
MBR-00961,1947-06-16,1986-07-23,,,,,clergy,js50
MBR-00962,1955-09-04,1982-06-17,,,,,clergy,none
MBR-00963,1951-09-07,1994-11-14,,,2021-09-01,2021-09-01,clergy,none
MBR-00964,1949-02-21,1973-04-08,,,2014-08-01,2014-08-01,lay,js100
MBR-00965,1959-09-16,1986-02-12,,,,,lay,none
MBR-00966,1974-11-20,1998-12-03,,,,,clergy,js50
MBR-00967,1954-10-18,1987-06-04,,,2017-09-01,2017-09-01,lay,js100
MBR-00968,1972-05-11,2008-06-18,,,,,lay,none
MBR-00969,1965-10-23,1997-05-26,,,,,lay,js100
MBR-00970,1967-01-27,2009-11-18,,,2035-08-01,2035-08-01,lay,none
MBR-00971,1964-11-04,2002-02-10,,,2028-05-01,2028-05-01,clergy,js50
MBR-00972,1947-05-07,1973-04-16,,,2014-11-01,2014-11-01,lay,js100
MBR-00973,1954-11-17,1985-07-21,,,2019-05-01,2019-05-01,lay,none
MBR-00974,1964-12-20,2002-02-19,,,2027-07-01,2027-07-01,clergy,none
MBR-00975,1965-05-22,1990-08-07,,,,,clergy,js50
MBR-00976,1969-06-27,2006-03-02,,,,,lay,js100
MBR-00977,1956-06-03,1990-02-15,,,2025-08-01,2025-08-01,lay,js50
MBR-00978,1950-10-15,1985-05-09,,,,,lay,js50
MBR-00979,1970-06-22,2009-10-23,,,2038-11-01,2038-11-01,lay,js50
MBR-00980,1962-11-11,2003-09-23,,,2026-05-01,2026-05-01,clergy,none
MBR-00981,1955-08-15,1988-04-25,,,,,lay,none
MBR-00982,1949-04-15,1989-02-03,,,,,clergy,js50
MBR-00983,1967-09-14,2001-10-16,,,,,lay,none
MBR-00984,1960-11-21,2000-10-09,,,,,clergy,js50
MBR-00985,1968-06-08,2007-09-02,,,,,lay,js100
MBR-00986,1954-05-03,1980-02-26,,,,,lay,none
MBR-00987,1961-10-28,1998-11-27,,,2031-10-01,2031-10-01,lay,js50
MBR-00988,1956-09-04,1986-09-23,,,2021-08-01,2021-08-01,clergy,js100
MBR-00989,1948-11-27,1987-04-17,,,,,lay,js100
MBR-00990,1953-04-06,1995-01-27,,,,,lay,js50
MBR-00991,1949-04-24,1977-07-08,,,2014-11-01,2014-11-01,clergy,none
MBR-00992,1958-11-11,1985-05-06,,,2027-06-01,2027-06-01,clergy,js50
MBR-00993,1964-04-13,1988-06-09,,,2027-08-01,2027-08-01,clergy,js50
MBR-00994,1971-11-14,1996-02-08,,,,,clergy,js100
MBR-00995,1951-08-25,1988-05-27,,,2015-04-01,2015-04-01,clergy,js100
MBR-00996,1953-10-16,1981-09-13,,,2019-10-01,2019-10-01,lay,none
MBR-00997,1963-10-18,1989-12-01,,,2024-02-01,2024-02-01,clergy,none
MBR-00998,1955-05-13,1997-11-26,,,,,clergy,none
MBR-00999,1949-11-20,1974-02-02,,,2010-11-01,2010-11-01,clergy,js50
MBR-01000,1968-03-16,1994-04-28,,,2029-11-01,2029-11-01,clergy,js100
EDGE-0001,1958-04-15,1990-06-01,,,2023-05-01,2023-05-01,clergy,none
EDGE-0002,1962-08-01,1995-03-01,,,2024-08-01,2024-08-01,lay,js50
EDGE-0003,1959-01-01,2019-09-01,,,2024-09-01,2024-09-01,lay,none
EDGE-0004,1959-01-01,2019-10-01,,,2024-09-01,2024-09-01,lay,none
EDGE-0005,1955-12-03,1988-01-15,,,2021-01-01,2021-01-01,clergy,js100
EDGE-0006,1957-06-20,1992-09-01,,,2022-06-01,2022-06-01,clergy,js50
EDGE-0007,1960-02-10,1994-04-01,,,2025-01-01,2025-01-01,lay,none
EDGE-0008,1961-11-05,1996-07-01,,,2026-07-01,2026-07-01,clergy,none
EDGE-0009,1960-02-29,1993-05-01,,,2025-03-01,2025-03-01,lay,js50
EDGE-0010,1956-09-09,1989-02-01,,,2021-09-01,2021-09-01,clergy,none
EDGE-0011,1958-03-25,1991-08-01,,,2023-09-17,2023-09-17,lay,none
EDGE-0013,1959-05-14,1992-03-01,2001-06-30,2012-04-01,2024-04-01,2024-04-01,clergy,js50
EDGE-0012,1957-10-02,1990-01-01,,,2022-01-01,2022-01-01,clergy,none
